RYM Album, First Name,Last Name,First Name localized, Last Name localized,Title,Release_Date,Rating,Ownership,Purchase Date,Media Type
"12360806","Ludwig","Ahgren","","","A Very Mogul Christmas","2020","6","n","",""
"3949994","","alt-J","","","An Awesome Wave","2012","8","n","",""
"8115336","","alt-J","","","RELAXER","2017","7","n","",""
"13698591","","alt-J","","","The Dream","2022","7","n","",""
"5568256","","alt-J","","","This Is All Yours","2014","7","n","",""
"3017","","Aphex Twin","","","drukqs","2001","8","n","",""
"15951711","The","Atriarchy","","","Down With the Atriarchy","2023","7","n","",""
"15985084","The","Atriarchy","","","Later, Mr. Ewing!","2024","7","n","",""
"16291581","","Backxwash","","","Only Dust Remains","2025","8","n","",""
"12","The","Beatles","","","Abbey Road","1969","8","n","",""
"205","The","Beatles","","","Rubber Soul","1965","8","n","",""
"16","The","Beatles","","","Sgt. Pepper's Lonely Hearts Club Band","1967","8","n","",""
"2157","","Black Sabbath","","","Black Sabbath","1970","9","n","",""
"2276","","Black Sabbath","","","Paranoid","1970","9","n","",""
"124755","","Boris","","","Flood","2000","8","n","",""
"5761","","Boston","","","Boston","1976","7","n","",""
"623","David","Bowie","","","The Rise and Fall of Ziggy Stardust and the Spiders From Mars","1972","9","n","",""
"8256417","","BROCKHAMPTON","","","Saturation","2017","7","n","",""
"7548871","Danny","Brown","","","Atrocity Exhibition","2016","9","n","",""
"16099438","Ethel","Cain","","","Perverts","2025","8","n","",""
"14534085","Ethel","Cain","","","Preacher's Daughter","2022","9","n","",""
"15723703","","Charli XCX","","","Brat","2024","8","n","",""
"7817885","","Childish Gambino","","","&#34;Awaken, My Love!&#34;","2016","7","n","",""
"4901419","","Childish Gambino","","","Because the Internet","2013","8","n","",""
"3599143","","Childish Gambino","","","Camp","2011","7","n","",""
"324","The","Cure","","","Disintegration","1989","9","n","",""
"15893733","Denzel","Curry","","","King of the Mischievous South Vol. 2","2024","8","n","",""
"11866817","Denzel","Curry","","","Melt My Eyez See Your Future","2022","9","n","",""
"2863","","Daft Punk","","","Discovery","2001","9","n","",""
"3455169","","Death Grips","","","Exmilitary","2011","9","n","",""
"3892102","","Death Grips","","","The Money Store","2012","8","n","",""
"2871669","","Disturbed","","","Asylum","2010","5","n","",""
"16181","","Disturbed","","","Believe","2002","6","n","",""
"9484385","","Disturbed","","","Evolution","2018","5","n","",""
"6568180","","Disturbed","","","Immortalized","2015","7","n","",""
"1108669","","Disturbed","","","Indestructible","2008","6","n","",""
"346454","","Disturbed","","","Ten Thousand Fists","2005","7","n","",""
"1389","","Disturbed","","","The Sickness","2000","5","n","",""
"16000822","","Doechii","","","Alligator Bites Never Heal","2024","7","n","",""
"7635716","","EDEN","","","I Think You Think Too Much of Me","2016","7","n","",""
"15791575","Billie","Eilish","","","Hit Me Hard and Soft","2024","8","n","",""
"9962213","Billie","Eilish","","","WHEN WE ALL FALL ASLEEP, WHERE DO WE GO?","2019","9","n","",""
"680287","","Eisbrecher","","","Antikörper","2006","7","n","",""
"3793154","","Eisbrecher","","","Die Hölle muss warten","2012","7","n","",""
"341140","","Eisbrecher","","","Eisbrecher","2004","7","n","",""
"2750264","","Eisbrecher","","","Eiszeit","2010","7","n","",""
"16180826","","Eisbrecher","","","Kaltfront°!","2025","7","n","",""
"6000036","","Eisbrecher","","","Schock","2015","8","n","",""
"8376227","","Eisbrecher","","","Sturmfahrt","2017","7","n","",""
"1696390","","Eisbrecher","","","Sünde","2008","7","n","",""
"167955","","Eminem","","","Encore","2004","5","n","",""
"2858367","","Eminem","","","Recovery","2010","6","n","",""
"1838101","","Eminem","","","Relapse","2009","6","n","",""
"7772697","","Eminem","","","Revival","2017","3","n","",""
"9175","","Eminem","","","The Eminem Show","2002","8","n","",""
"1667","","Eminem","","","The Marshall Mathers LP","2000","9","n","",""
"4775907","","Eminem","","","The Marshall Mathers LP 2","2013","7","n","",""
"2313","","Eminem","","","The Slim Shady LP","1999","8","n","",""
"6012656","","Fall Out Boy","","","American Beauty / American Psycho","2015","8","n","",""
"4400996","","Fall Out Boy","","","Save Rock and Roll","2013","8","n","",""
"15864420","","FKA twigs","","","Eusexua","2025","8","n","",""
"12105","","Gentle Giant","","","Gentle Giant","1970","8","n","",""
"4324407","","Ghost","","","Infestissumam","2013","7","n","",""
"6459379","","Ghost","","","Meliora","2015","8","n","",""
"9169028","","Ghost","","","Prequelle","2018","8","n","",""
"450392","","Godspeed You Black Emperor!","","","F♯A♯∞","1997","9","n","",""
"271115","","Gorillaz","","","Demon Days","2005","10","n","",""
"6841529","","Grimes","","","Art Angels","2015","8","n","",""
"12008623","","Heaven Pierce Her","","","ULTRAKILL: INFINITE HYPERDEATH","2020","8","n","",""
"9963932","DeVon","Hendryx","","","Generation Y","2011","7","n","",""
"16325","Steve","Hillage","","","Fish Rising","1975","7","n","",""
"16156769","","horsegiirL","","","V.I.P. - Very Important Pony","2025","6","n","",""
"8270859","","Imagine Dragons","","","Evolve","2017","4","n","",""
"4073911","","Imagine Dragons","","","Night Visions","2012","6","n","",""
"6057055","","Imagine Dragons","","","Smoke + Mirrors","2015","5","n","",""
"13491134","","Injury Reserve","","","By the Time I Get to Phoenix","2021","8","n","",""
"10018566","","Injury Reserve","","","Injury Reserve","2019","8","n","",""
"8129125","","J.I.D","","","The Never Story","2017","6","n","",""
"1638","Billy","Joel","","","The Stranger","1977","8","n","",""
"1209","Elton","John","","","Goodbye Yellow Brick Road","1973","8","n","",""
"10596352","","JPEGMAFIA","","","All My Heroes Are Cornballs","2019","9","n","",""
"6567080","","JPEGMAFIA","","","Communist Slow Jams","2015","9","n","",""
"16276679","","JPEGMAFIA","","","I Lay Down My Life for You","2025","9","n","",""
"15972969","","JPEGMAFIA","","","I Lay Down My Life for You","2024","9","n","",""
"13762028","","JPEGMAFIA","","","LP!","2021","10","n","",""
"8912509","","JPEGMAFIA","","","Veteran","2018","9","n","",""
"15165166","","JPEGMAFIA &amp; Danny Brown","","","Scaring the Hoes","2023","10","n","",""
"15355783","","JPEGMAFIA &amp; Danny Brown","","","Scaring the Hoes: DLC Pack","2023","8","n","",""
"16141188","","jschlatt","","","A Very 1999 Christmas","2024","7","n","",""
"15656612","","Justice","","","Hyperdrama","2024","8","n","",""
"5768","","Kansas","","","Leftoverture","1976","8","n","",""
"5769","","Kansas","","","Point of Know Return","1977","8","n","",""
"12086783","","K/DA","","","All Out","2020","7","n","",""
"2328","","King Crimson","","","In the Court of the Crimson King","1969","9","n","",""
"6539","","King Crimson","","","In the Wake of Poseidon","1970","7","n","",""
"6544","","King Crimson","","","Larks' Tongues in Aspic","1973","8","n","",""
"13085323","","King Gizzard &amp; The Lizard Wizard","","","Butterfly 3000","2021","8","n","",""
"15933861","","King Gizzard &amp; The Lizard Wizard","","","Flight b741","2024","8","n","",""
"10392899","","King Gizzard &amp; The Lizard Wizard","","","Infest the Rats' Nest","2019","9","n","",""
"12149546","","King Gizzard &amp; The Lizard Wizard","","","K.G.","2020","8","n","",""
"12530378","","King Gizzard &amp; The Lizard Wizard","","","L.W.","2021","8","n","",""
"7825525","","King Gizzard and The Lizard Wizard","","","Flying Microtonal Banana","2017","8","n","",""
"14904174","","King Gizzard and The Lizard Wizard","","","Ice, Death, Planets, Lungs, Mushrooms and Lava","2022","8","n","",""
"7226281","","King Gizzard and The Lizard Wizard","","","Nonagon Infinity","2016","8","n","",""
"14491838","","King Gizzard and The Lizard Wizard","","","Omnium Gatherum","2022","9","n","",""
"15266662","","King Gizzard and The Lizard Wizard","","","PetroDragonic Apocalypse;  or,  Dawn of Eternal Night:  An Annihilation of Planet Earth and the Beginning of Merciless Damnation","2023","8","n","",""
"8744217","","King Gizzard and The Lizard Wizard","","","Polygondwanaland","2017","8","n","",""
"8191615","Kendrick","Lamar","","","Damn.","2017","7","n","",""
"16168278","Kendrick","Lamar","","","GNX","2024","9","n","",""
"3597082","Kendrick","Lamar","","","good kid, m.A.A.d city","2012","9","n","",""
"14687591","Kendrick","Lamar","","","Mr. Morale &amp; The Big Steppers","2022","8","n","",""
"3542833","Kendrick","Lamar","","","Section.80","2011","8","n","",""
"6286502","Kendrick","Lamar","","","To Pimp a Butterfly","2015","10","n","",""
"2570762","","Lamp","","","ランプ幻想","2008","8","n","",""
"2029","","Led Zeppelin","","","Houses of the Holy","1973","8","n","",""
"43","","Led Zeppelin","","","Led Zeppelin [IV]","1971","8","n","",""
"3805982","","Lil Ugly Mane","","","Mista Thug Isolation","2012","8","n","",""
"13800737","","Lil Ugly Mane","","","Volcanic Bird Enemy and the Voiced Concern","2021","9","n","",""
"16035110","","Linkin Park","","","From Zero","2024","6","n","",""
"2007","","Linkin Park","","","Hybrid Theory","2000","8","n","",""
"3957224","","Linkin Park","","","Living Things","2012","8","n","",""
"45334","","Linkin Park","","","Meteora","2003","9","n","",""
"785708","","Linkin Park","","","Minutes to Midnight","2007","5","n","",""
"8077776","","Linkin Park","","","One More Light","2017","4","n","",""
"142671","","Madvillain","","","Madvillainy","2004","9","n","",""
"15948236","","Magdalena Bay","","","Imaginal Disk","2024","8","n","",""
"13311674","","Magdalena Bay","","","Mercurial World","2021","8","n","",""
"16067545","","Marilyn Manson","","","One Assassination Under God - Chapter 1","2024","7","n","",""
"185833","","MF DOOM","","","MM..FOOD","2004","8","n","",""
"355","","My Bloody Valentine","","","Loveless","1991","8","n","",""
"3112642","","My Chemical Romance","","","Danger Days: The True Lives of the Fabulous Killjoys","2010","7","n","",""
"537986","","My Chemical Romance","","","The Black Parade","2006","9","n","",""
"11082","","Nas","","","Illmatic","1994","9","n","",""
"369579","","Nickelback","","","All the Right Reasons","2005","6","n","",""
"1711","","Nine Inch Nails","","","The Downward Spiral","1994","7","n","",""
"1712","","Nine Inch Nails","","","The Fragile","1999","9","n","",""
"102690","","Nine Inch Nails","","","With Teeth","2005","9","n","",""
"6849919","","Panic! at the Disco","","","Death of a Bachelor","2016","8","n","",""
"662414","The Alan","Parsons Project","","","The Turn of a Friendly Card","1980","8","n","",""
"16302178","","PARTYNEXTDOOR &amp; Drake","","","$ome $exy $ongs 4 U","2025","2","n","",""
"8486263","","Pentakill","","","II: Grasp of the Undying","2017","6","n","",""
"13541728","","Pentakill","","","III: Lost Chapter","2021","8","n","",""
"5553159","","Pentakill","","","Smite and Ignite","2014","7","n","",""
"7250","Tom","Petty and The Heartbreakers","","","Damn the Torpedoes","1979","8","n","",""
"978","","Pink Floyd","","","Animals","1977","8","n","",""
"975","","Pink Floyd","","","Meddle","1971","9","n","",""
"976","","Pink Floyd","","","The Dark Side of the Moon","1973","8","n","",""
"969","","Pink Floyd","","","The Wall","1979","7","n","",""
"974","","Pink Floyd","","","Wish You Were Here","1975","10","n","",""
"16032053","","Playboi Carti","","","Music","2025","6","n","",""
"2660","","Portishead","","","Dummy","1994","9","n","",""
"1705","","Radiohead","","","Amnesiac","2001","8","n","",""
"1052924","","Radiohead","","","In Rainbows","2007","9","n","",""
"46","","Radiohead","","","Kid A","2000","9","n","",""
"45","","Radiohead","","","OK Computer","1997","10","n","",""
"44","","Radiohead","","","The Bends","1995","8","n","",""
"2479677","","Rammstein","","","Liebe ist für alle da","2009","7","n","",""
"2871","","Rammstein","","","Mutter","2001","8","n","",""
"10137189","","Rammstein","","","Rammstein","2019","8","n","",""
"172952","","Rammstein","","","Reise, Reise","2004","8","n","",""
"349196","","Rammstein","","","Rosenrot","2005","7","n","",""
"14500708","","Rammstein","","","Zeit","2022","8","n","",""
"15389255","Chappell","Roan","","","The Rise and Fall of a Midwest Princess","2023","8","n","",""
"11408222","The","Rockwood Escape Plan","","","Dreamcast Summer Songs","2014","8","n","",""
"3389","","Rush","","","A Farewell to Kings","1977","7","n","",""
"3733623","","Stahlmann","","","Quecksilber","2012","7","n","",""
"8135740","Vince","Staples","","","Big Fish Theory","2017","7","n","",""
"4422","","Styx","","","Crystal Ball","1976","8","n","",""
"4684","","Styx","","","Kilroy Was Here","1983","3","n","",""
"4423","","Styx","","","The Grand Illusion","1977","8","n","",""
"8651","","Supertramp","","","Breakfast in America","1979","8","n","",""
"11801269","Taylor","Swift","","","Folklore","2020","9","n","",""
"1036","","Talking Heads","","","Remain in Light","1980","10","n","",""
"1903","","Tool","","","Undertow","1993","6","n","",""
"16104678","","Tyler, The Creator","","","Chromakopia","2024","8","n","",""
"8410429","","Tyler, The Creator","","","Flower Boy","2017","8","n","",""
"3323441","","Tyler, The Creator","","","Goblin","2011","5","n","",""
"10255382","","Tyler, The Creator","","","Igor","2019","9","n","",""
"14116570","","Various Artists","","","Arcane League of Legends","2021","8","n","",""
"16046477","","Various Artists","","","Arcane League of Legends: Season 2","2024","8","n","",""
"294","Tom","Waits","","","Rain Dogs","1985","7","n","",""
"494216","Kanye","West","","","Graduation","2007","8","n","",""
"218218","Kanye","West","","","Late Registration","2005","7","n","",""
"94103","Kanye","West","","","The College Dropout","2004","8","n","",""
"10853162","Will","Wood","","","The Normal Album","2020","7","n","",""
"11014","","Wu-Tang Clan","","","Enter the Wu-Tang (36 Chambers)","1993","9","n","",""
"47559","","Xiu Xiu","","","A Promise","2003","7","n","",""
"47225","","Xiu Xiu","","","Knife Play","2002","7","n","",""
